{"cameraMode":{"drawMode":0,"name":"Shaded","section":"Shading Mode"},"sceneLighting":true,"audioPlay":false,"sceneViewState":{"m_AlwaysRefresh":false,"showFog":true,"showSkybox":true,"showFlares":true,"showImageEffects":true,"showParticleSystems":true,"showVisualEffectGraphs":true,"m_FxEnabled":true},"in2DMode":false,"pivot":{"x":0.4814695417881012,"y":4.341841220855713,"z":8.017632484436036},"rotation":{"x":0.00006004114038660191,"y":0.9795072674751282,"z":-0.20142292976379395,"w":0.00029438629280775785},"size":1.2201584577560425,"orthographic":false}